{"lr": 0.00997794446709763, "data_time": 0.005975508689880371, "loss": 0.06832732334733009, "decode.loss_ce": 0.04642053302377462, "decode.acc_seg": 86.3037109375, "aux.loss_ce": 0.02190679097548127, "aux.acc_seg": 84.50927734375, "time": 0.1402841567993164, "memory": 11478, "step": 100}
{"lr": 0.009955660594668054, "data_time": 0.006495928764343262, "loss": 0.06941211894154549, "decode.loss_ce": 0.047633199393749236, "decode.acc_seg": 76.641845703125, "aux.loss_ce": 0.021778919082134963, "aux.acc_seg": 68.0206298828125, "time": 0.1412179708480835, "memory": 3614, "step": 200}
{"lr": 0.009933371122565919, "data_time": 0.005569672584533692, "loss": 0.055164565518498423, "decode.loss_ce": 0.038138723000884056, "decode.acc_seg": 68.7713623046875, "aux.loss_ce": 0.017025842145085335, "aux.acc_seg": 78.45458984375, "time": 0.14008915424346924, "memory": 3614, "step": 300}
{"lr": 0.009911076035273796, "data_time": 0.0057343244552612305, "loss": 0.07071728892624378, "decode.loss_ce": 0.05065402202308178, "decode.acc_seg": 78.1646728515625, "aux.loss_ce": 0.020063266158103943, "aux.acc_seg": 75.1922607421875, "time": 0.14075467586517335, "memory": 3614, "step": 400}
{"aAcc": 60.95, "mIoU": 16.1, "mAcc": 22.92, "data_time": 0.0017393112182617187, "time": 0.7607961893081665, "step": 400}
{"lr": 0.0098887753171919, "data_time": 0.0064291715621948246, "loss": 0.05107224471867085, "decode.loss_ce": 0.03607810623943806, "decode.acc_seg": 74.27978515625, "aux.loss_ce": 0.0149941380135715, "aux.acc_seg": 76.07421875, "time": 0.14189720153808594, "memory": 10250, "step": 500}
{"lr": 0.009866468952637547, "data_time": 0.007841277122497558, "loss": 0.05876430682837963, "decode.loss_ce": 0.042639848217368125, "decode.acc_seg": 78.2073974609375, "aux.loss_ce": 0.01612445842474699, "aux.acc_seg": 78.4912109375, "time": 0.143630051612854, "memory": 3614, "step": 600}
{"lr": 0.009844156925844432, "data_time": 0.006120848655700684, "loss": 0.0411827590316534, "decode.loss_ce": 0.028755870088934897, "decode.acc_seg": 92.431640625, "aux.loss_ce": 0.012426888989284634, "aux.acc_seg": 92.8680419921875, "time": 0.14106411933898927, "memory": 3614, "step": 700}
{"lr": 0.009821839220962003, "data_time": 0.007822775840759277, "loss": 0.04333029966801405, "decode.loss_ce": 0.029717814177274704, "decode.acc_seg": 82.9864501953125, "aux.loss_ce": 0.013612485537305475, "aux.acc_seg": 81.170654296875, "time": 0.14397084712982178, "memory": 3614, "step": 800}
{"aAcc": 70.38, "mIoU": 30.69, "mAcc": 37.09, "data_time": 0.0016630887985229492, "time": 0.09687719345092774, "step": 800}
{"lr": 0.009799515822054777, "data_time": 0.008712124824523926, "loss": 0.04281293824315071, "decode.loss_ce": 0.030614892952144146, "decode.acc_seg": 83.203125, "aux.loss_ce": 0.012198044918477535, "aux.acc_seg": 83.447265625, "time": 0.14647772312164306, "memory": 3614, "step": 900}
{"lr": 0.00977718671310168, "data_time": 0.007463335990905762, "loss": 0.04206140097230673, "decode.loss_ce": 0.029221069626510145, "decode.acc_seg": 75.87890625, "aux.loss_ce": 0.0128403312060982, "aux.acc_seg": 74.261474609375, "time": 0.14427461624145507, "memory": 3614, "step": 1000}
{"lr": 0.009754851877995354, "data_time": 0.007550048828125, "loss": 0.036911748349666595, "decode.loss_ce": 0.025611918512731792, "decode.acc_seg": 94.6197509765625, "aux.loss_ce": 0.011299829324707389, "aux.acc_seg": 90.606689453125, "time": 0.14551565647125245, "memory": 3614, "step": 1100}
{"lr": 0.009732511300541468, "data_time": 0.005613970756530762, "loss": 0.049217353388667104, "decode.loss_ce": 0.034606258384883404, "decode.acc_seg": 78.4881591796875, "aux.loss_ce": 0.014611094444990157, "aux.acc_seg": 79.3121337890625, "time": 0.14439561367034912, "memory": 3614, "step": 1200}
{"aAcc": 71.33, "mIoU": 31.24, "mAcc": 37.74, "data_time": 0.0016457796096801757, "time": 0.09723570346832275, "step": 1200}
{"lr": 0.009710164964458045, "data_time": 0.005795836448669434, "loss": 0.040721876360476014, "decode.loss_ce": 0.028815510123968123, "decode.acc_seg": 69.439697265625, "aux.loss_ce": 0.01190636628307402, "aux.acc_seg": 66.0064697265625, "time": 0.14757058620452881, "memory": 3614, "step": 1300}
{"lr": 0.009687812853374727, "data_time": 0.007685256004333496, "loss": 0.045939300954341886, "decode.loss_ce": 0.03244874682277441, "decode.acc_seg": 70.8892822265625, "aux.loss_ce": 0.013490553572773933, "aux.acc_seg": 67.8985595703125, "time": 0.15086047649383544, "memory": 3614, "step": 1400}
{"lr": 0.009665454950832103, "data_time": 0.0071044921875, "loss": 0.04856761898845434, "decode.loss_ce": 0.03437461350113154, "decode.acc_seg": 72.998046875, "aux.loss_ce": 0.014193004835397005, "aux.acc_seg": 69.0948486328125, "time": 0.15000996589660645, "memory": 3614, "step": 1500}
{"lr": 0.009643091240280942, "data_time": 0.007035374641418457, "loss": 0.040877938643097876, "decode.loss_ce": 0.02813390865921974, "decode.acc_seg": 85.58349609375, "aux.loss_ce": 0.012744029983878136, "aux.acc_seg": 85.186767578125, "time": 0.1514066457748413, "memory": 3614, "step": 1600}
{"aAcc": 73.66, "mIoU": 38.16, "mAcc": 45.88, "data_time": 0.001987910270690918, "time": 0.09901199340820313, "step": 1600}
{"lr": 0.009620721705081534, "data_time": 0.008036971092224121, "loss": 0.04988614283502102, "decode.loss_ce": 0.03544995319098234, "decode.acc_seg": 75.4302978515625, "aux.loss_ce": 0.014436189085245132, "aux.acc_seg": 73.9990234375, "time": 0.15516037940979005, "memory": 3614, "step": 1700}
{"lr": 0.009598346328502901, "data_time": 0.008245134353637695, "loss": 0.03497007060796022, "decode.loss_ce": 0.024622838478535414, "decode.acc_seg": 85.772705078125, "aux.loss_ce": 0.010347232222557068, "aux.acc_seg": 84.710693359375, "time": 0.1566671371459961, "memory": 3614, "step": 1800}
{"lr": 0.009575965093722064, "data_time": 0.0069896459579467775, "loss": 0.03782284669578075, "decode.loss_ce": 0.026950432546436788, "decode.acc_seg": 85.1165771484375, "aux.loss_ce": 0.010872414242476225, "aux.acc_seg": 84.66796875, "time": 0.15569963455200195, "memory": 3614, "step": 1900}
{"lr": 0.009553577983823325, "data_time": 0.005260539054870605, "loss": 0.03676298698410392, "decode.loss_ce": 0.026036449056118727, "decode.acc_seg": 81.1004638671875, "aux.loss_ce": 0.010726537508890032, "aux.acc_seg": 84.0118408203125, "time": 0.15380778312683105, "memory": 3614, "step": 2000}
{"aAcc": 74.45, "mIoU": 37.4, "mAcc": 43.33, "data_time": 0.0016772747039794922, "time": 0.10109426975250244, "step": 2000}
{"lr": 0.0095311849817975, "data_time": 0.007668209075927734, "loss": 0.03780114725232124, "decode.loss_ce": 0.026362830214202403, "decode.acc_seg": 81.756591796875, "aux.loss_ce": 0.011438316712155939, "aux.acc_seg": 83.3648681640625, "time": 0.1556087017059326, "memory": 3614, "step": 2100}
{"lr": 0.009508786070541123, "data_time": 0.0065102815628051754, "loss": 0.0384746003895998, "decode.loss_ce": 0.026913726609200238, "decode.acc_seg": 93.1488037109375, "aux.loss_ce": 0.011560873547568917, "aux.acc_seg": 92.5933837890625, "time": 0.15590744018554686, "memory": 3614, "step": 2200}
{"lr": 0.009486381232855704, "data_time": 0.0064471721649169925, "loss": 0.03760204985737801, "decode.loss_ce": 0.026597799081355334, "decode.acc_seg": 89.508056640625, "aux.loss_ce": 0.011004251148551702, "aux.acc_seg": 87.6434326171875, "time": 0.15607633590698242, "memory": 3614, "step": 2300}
{"lr": 0.009463970451446941, "data_time": 0.0076247453689575195, "loss": 0.03189348261803389, "decode.loss_ce": 0.022621882054954766, "decode.acc_seg": 91.2017822265625, "aux.loss_ce": 0.009271600702777504, "aux.acc_seg": 90.313720703125, "time": 0.15646884441375733, "memory": 3614, "step": 2400}
{"aAcc": 85.74, "mIoU": 45.77, "mAcc": 51.25, "data_time": 0.0018416404724121093, "time": 0.1030886173248291, "step": 2400}
{"lr": 0.009441553708923918, "data_time": 0.006336665153503418, "loss": 0.039397493936121464, "decode.loss_ce": 0.027588624507188797, "decode.acc_seg": 85.9771728515625,